{"BoxRequestDTO#09839423-ffe7-4910-98c9-d9c3838430bc":"boxrequestdto.html","GetByIdResponse#09839423-ffe7-4910-98c9-d9c3838430bc":"getbyidresponse.html","ResponseCommonDTO#09839423-ffe7-4910-98c9-d9c3838430bc":"responsecommondto.html","ResponseUserEditDTO#09839423-ffe7-4910-98c9-d9c3838430bc":"responseusereditdto.html","UserEditRequestDTO#09839423-ffe7-4910-98c9-d9c3838430bc":"usereditrequestdto.html","Flashcard#09839423-ffe7-4910-98c9-d9c3838430bc":"flashcard.html","FlashcardRequestDTO#09839423-ffe7-4910-98c9-d9c3838430bc":"flashcardrequestdto.html","FlashcardRequestEditDTO#09839423-ffe7-4910-98c9-d9c3838430bc":"flashcardrequesteditdto.html","Ensemble#09839423-ffe7-4910-98c9-d9c3838430bc":"ensemble.html","User#09839423-ffe7-4910-98c9-d9c3838430bc":"user.html","EnsembleRequestDTO#09839423-ffe7-4910-98c9-d9c3838430bc":"ensemblerequestdto.html","RegisterRequestDTO#09839423-ffe7-4910-98c9-d9c3838430bc":"registerrequestdto.html","ResponseEntity#09839423-ffe7-4910-98c9-d9c3838430bc":"responseentity.html","HttpHeaders#09839423-ffe7-4910-98c9-d9c3838430bc":"httpheaders.html","LoginRequestDTO#09839423-ffe7-4910-98c9-d9c3838430bc":"loginrequestdto.html","PurchaseRequestDTO#09839423-ffe7-4910-98c9-d9c3838430bc":"purchaserequestdto.html","PomodoroStoryRequestDTO#09839423-ffe7-4910-98c9-d9c3838430bc":"pomodorostoryrequestdto.html","FavoriteRequestDTO#09839423-ffe7-4910-98c9-d9c3838430bc":"favoriterequestdto.html"}