{"entities":{"pages":{"API_Reference":{"id":"API_Reference","title":"API Reference","url":"api-reference.html","level":0,"pages":["Schemas","GET_purchase","DELETE_purchase_purchaseId_","POST_purchase_purchaseId_","PUT_purchase_purchaseId_","GET_purchase_purchaseId_","GET_pomodoro_story","POST_pomodoro_story_pomodoroStoryId_","PUT_pomodoro_story_pomodoroStoryId_","GET_pomodoro_story_pomodoroStoryId_","POST_favorite","GET_favorite","DELETE_favorite_favoriteId_","PUT_favorite_favoriteId_","GET_favorite_favoriteId_","GET_box_boxId_","POST_box","GET_box","DELETE_box_favoriteId_","PUT_box_favoriteId_","GET_user","DELETE_user_userId_","PUT_user_userId_","GET_user_userId_","GET_flashcard_ensemble_ensemble_","POST_flashcard","GET_flashcard","DELETE_flashcard_flashcardId_","PUT_flashcard_flashcardId_","GET_flashcard_flashcardId_","POST_ensemble","GET_ensemble","DELETE_ensemble_ensembleId_","PUT_ensemble_ensembleId_","GET_ensemble_ensembleId_","POST_auth_register","POST_auth_login"],"tabIndex":0},"Schemas":{"id":"Schemas","title":"Schemas","url":"schemas.html","level":1,"parentId":"API_Reference","pages":["PurchaseRequestDTO","PomodoroStoryRequestDTO","FavoriteRequestDTO","BoxRequestDTO","GetByIdResponse","ResponseCommonDTO","ResponseUserEditDTO","UserEditRequestDTO","Flashcard","FlashcardRequestDTO","FlashcardRequestEditDTO","Ensemble","User","EnsembleRequestDTO","RegisterRequestDTO","ResponseEntity","HttpHeaders","LoginRequestDTO"],"tabIndex":0},"PurchaseRequestDTO":{"id":"PurchaseRequestDTO","title":"PurchaseRequestDTO","url":"purchaserequestdto.html","level":2,"parentId":"Schemas","tabIndex":0},"PomodoroStoryRequestDTO":{"id":"PomodoroStoryRequestDTO","title":"PomodoroStoryRequestDTO","url":"pomodorostoryrequestdto.html","level":2,"parentId":"Schemas","tabIndex":1},"FavoriteRequestDTO":{"id":"FavoriteRequestDTO","title":"FavoriteRequestDTO","url":"favoriterequestdto.html","level":2,"parentId":"Schemas","tabIndex":2},"BoxRequestDTO":{"id":"BoxRequestDTO","title":"BoxRequestDTO","url":"boxrequestdto.html","level":2,"parentId":"Schemas","tabIndex":3},"GetByIdResponse":{"id":"GetByIdResponse","title":"GetByIdResponse","url":"getbyidresponse.html","level":2,"parentId":"Schemas","tabIndex":4},"ResponseCommonDTO":{"id":"ResponseCommonDTO","title":"ResponseCommonDTO","url":"responsecommondto.html","level":2,"parentId":"Schemas","tabIndex":5},"ResponseUserEditDTO":{"id":"ResponseUserEditDTO","title":"ResponseUserEditDTO","url":"responseusereditdto.html","level":2,"parentId":"Schemas","tabIndex":6},"UserEditRequestDTO":{"id":"UserEditRequestDTO","title":"UserEditRequestDTO","url":"usereditrequestdto.html","level":2,"parentId":"Schemas","tabIndex":7},"Flashcard":{"id":"Flashcard","title":"Flashcard","url":"flashcard.html","level":2,"parentId":"Schemas","tabIndex":8},"FlashcardRequestDTO":{"id":"FlashcardRequestDTO","title":"FlashcardRequestDTO","url":"flashcardrequestdto.html","level":2,"parentId":"Schemas","tabIndex":9},"FlashcardRequestEditDTO":{"id":"FlashcardRequestEditDTO","title":"FlashcardRequestEditDTO","url":"flashcardrequesteditdto.html","level":2,"parentId":"Schemas","tabIndex":10},"Ensemble":{"id":"Ensemble","title":"Ensemble","url":"ensemble.html","level":2,"parentId":"Schemas","tabIndex":11},"User":{"id":"User","title":"User","url":"user.html","level":2,"parentId":"Schemas","tabIndex":12},"EnsembleRequestDTO":{"id":"EnsembleRequestDTO","title":"EnsembleRequestDTO","url":"ensemblerequestdto.html","level":2,"parentId":"Schemas","tabIndex":13},"RegisterRequestDTO":{"id":"RegisterRequestDTO","title":"RegisterRequestDTO","url":"registerrequestdto.html","level":2,"parentId":"Schemas","tabIndex":14},"ResponseEntity":{"id":"ResponseEntity","title":"ResponseEntity","url":"responseentity.html","level":2,"parentId":"Schemas","tabIndex":15},"HttpHeaders":{"id":"HttpHeaders","title":"HttpHeaders","url":"httpheaders.html","level":2,"parentId":"Schemas","tabIndex":16},"LoginRequestDTO":{"id":"LoginRequestDTO","title":"LoginRequestDTO","url":"loginrequestdto.html","level":2,"parentId":"Schemas","tabIndex":17},"GET_purchase":{"id":"GET_purchase","title":"GET purchase/","url":"get-purchase.html","level":1,"parentId":"API_Reference","tabIndex":1},"DELETE_purchase_purchaseId_":{"id":"DELETE_purchase_purchaseId_","title":"DELETE purchase/{purchaseId}","url":"delete-purchase-purchaseid.html","level":1,"parentId":"API_Reference","tabIndex":2},"POST_purchase_purchaseId_":{"id":"POST_purchase_purchaseId_","title":"POST purchase/{purchaseId}","url":"post-purchase-purchaseid.html","level":1,"parentId":"API_Reference","tabIndex":3},"PUT_purchase_purchaseId_":{"id":"PUT_purchase_purchaseId_","title":"PUT purchase/{purchaseId}","url":"put-purchase-purchaseid.html","level":1,"parentId":"API_Reference","tabIndex":4},"GET_purchase_purchaseId_":{"id":"GET_purchase_purchaseId_","title":"GET purchase/{purchaseId}","url":"get-purchase-purchaseid.html","level":1,"parentId":"API_Reference","tabIndex":5},"GET_pomodoro_story":{"id":"GET_pomodoro_story","title":"GET pomodoro-story/","url":"get-pomodoro-story.html","level":1,"parentId":"API_Reference","tabIndex":6},"POST_pomodoro_story_pomodoroStoryId_":{"id":"POST_pomodoro_story_pomodoroStoryId_","title":"POST pomodoro-story/{pomodoroStoryId}","url":"post-pomodoro-story-pomodorostoryid.html","level":1,"parentId":"API_Reference","tabIndex":7},"PUT_pomodoro_story_pomodoroStoryId_":{"id":"PUT_pomodoro_story_pomodoroStoryId_","title":"PUT pomodoro-story/{pomodoroStoryId}","url":"put-pomodoro-story-pomodorostoryid.html","level":1,"parentId":"API_Reference","tabIndex":8},"GET_pomodoro_story_pomodoroStoryId_":{"id":"GET_pomodoro_story_pomodoroStoryId_","title":"GET pomodoro-story/{pomodoroStoryId}","url":"get-pomodoro-story-pomodorostoryid.html","level":1,"parentId":"API_Reference","tabIndex":9},"POST_favorite":{"id":"POST_favorite","title":"POST favorite/","url":"post-favorite.html","level":1,"parentId":"API_Reference","tabIndex":10},"GET_favorite":{"id":"GET_favorite","title":"GET favorite/","url":"get-favorite.html","level":1,"parentId":"API_Reference","tabIndex":11},"DELETE_favorite_favoriteId_":{"id":"DELETE_favorite_favoriteId_","title":"DELETE favorite/{favoriteId}","url":"delete-favorite-favoriteid.html","level":1,"parentId":"API_Reference","tabIndex":12},"PUT_favorite_favoriteId_":{"id":"PUT_favorite_favoriteId_","title":"PUT favorite/{favoriteId}","url":"put-favorite-favoriteid.html","level":1,"parentId":"API_Reference","tabIndex":13},"GET_favorite_favoriteId_":{"id":"GET_favorite_favoriteId_","title":"GET favorite/{favoriteId}","url":"get-favorite-favoriteid.html","level":1,"parentId":"API_Reference","tabIndex":14},"GET_box_boxId_":{"id":"GET_box_boxId_","title":"GET box/{boxId}","url":"get-box-boxid.html","level":1,"parentId":"API_Reference","tabIndex":15},"POST_box":{"id":"POST_box","title":"POST box/","url":"post-box.html","level":1,"parentId":"API_Reference","tabIndex":16},"GET_box":{"id":"GET_box","title":"GET box/","url":"get-box.html","level":1,"parentId":"API_Reference","tabIndex":17},"DELETE_box_favoriteId_":{"id":"DELETE_box_favoriteId_","title":"DELETE box/{favoriteId}","url":"delete-box-favoriteid.html","level":1,"parentId":"API_Reference","tabIndex":18},"PUT_box_favoriteId_":{"id":"PUT_box_favoriteId_","title":"PUT box/{favoriteId}","url":"put-box-favoriteid.html","level":1,"parentId":"API_Reference","tabIndex":19},"GET_user":{"id":"GET_user","title":"GET user","url":"get-user.html","level":1,"parentId":"API_Reference","tabIndex":20},"DELETE_user_userId_":{"id":"DELETE_user_userId_","title":"DELETE user/{userId}","url":"delete-user-userid.html","level":1,"parentId":"API_Reference","tabIndex":21},"PUT_user_userId_":{"id":"PUT_user_userId_","title":"PUT user/{userId}","url":"put-user-userid.html","level":1,"parentId":"API_Reference","tabIndex":22},"GET_user_userId_":{"id":"GET_user_userId_","title":"GET user/{userId}","url":"get-user-userid.html","level":1,"parentId":"API_Reference","tabIndex":23},"GET_flashcard_ensemble_ensemble_":{"id":"GET_flashcard_ensemble_ensemble_","title":"GET flashcard/ensemble/{ensemble}","url":"get-flashcard-ensemble-ensemble.html","level":1,"parentId":"API_Reference","tabIndex":24},"POST_flashcard":{"id":"POST_flashcard","title":"POST flashcard/","url":"post-flashcard.html","level":1,"parentId":"API_Reference","tabIndex":25},"GET_flashcard":{"id":"GET_flashcard","title":"GET flashcard/","url":"get-flashcard.html","level":1,"parentId":"API_Reference","tabIndex":26},"DELETE_flashcard_flashcardId_":{"id":"DELETE_flashcard_flashcardId_","title":"DELETE flashcard/{flashcardId}","url":"delete-flashcard-flashcardid.html","level":1,"parentId":"API_Reference","tabIndex":27},"PUT_flashcard_flashcardId_":{"id":"PUT_flashcard_flashcardId_","title":"PUT flashcard/{flashcardId}","url":"put-flashcard-flashcardid.html","level":1,"parentId":"API_Reference","tabIndex":28},"GET_flashcard_flashcardId_":{"id":"GET_flashcard_flashcardId_","title":"GET flashcard/{flashcardId}","url":"get-flashcard-flashcardid.html","level":1,"parentId":"API_Reference","tabIndex":29},"POST_ensemble":{"id":"POST_ensemble","title":"POST ensemble/","url":"post-ensemble.html","level":1,"parentId":"API_Reference","tabIndex":30},"GET_ensemble":{"id":"GET_ensemble","title":"GET ensemble/","url":"get-ensemble.html","level":1,"parentId":"API_Reference","tabIndex":31},"DELETE_ensemble_ensembleId_":{"id":"DELETE_ensemble_ensembleId_","title":"DELETE ensemble/{ensembleId}","url":"delete-ensemble-ensembleid.html","level":1,"parentId":"API_Reference","tabIndex":32},"PUT_ensemble_ensembleId_":{"id":"PUT_ensemble_ensembleId_","title":"PUT ensemble/{ensembleId}","url":"put-ensemble-ensembleid.html","level":1,"parentId":"API_Reference","tabIndex":33},"GET_ensemble_ensembleId_":{"id":"GET_ensemble_ensembleId_","title":"GET ensemble/{ensembleId}","url":"get-ensemble-ensembleid.html","level":1,"parentId":"API_Reference","tabIndex":34},"POST_auth_register":{"id":"POST_auth_register","title":"POST auth/register","url":"post-auth-register.html","level":1,"parentId":"API_Reference","tabIndex":35},"POST_auth_login":{"id":"POST_auth_login","title":"POST auth/login","url":"post-auth-login.html","level":1,"parentId":"API_Reference","tabIndex":36}}},"topLevelIds":["API_Reference"]}